combination,skills,share,postings
SQL + Communication,2,0.4765,516
Stakeholder mgmt + Communication,2,0.4645,503
SQL + Stakeholder mgmt,2,0.4118,446
SQL + Python,2,0.4035,437
Python + Communication,2,0.3333,361
Excel + Communication,2,0.3102,336
SQL + Statistics,2,0.2816,305
Python + Stakeholder mgmt,2,0.2752,298
SQL + Excel,2,0.2696,292
Statistics + Communication,2,0.2604,282
SQL + Tableau,2,0.2595,281
Excel + Stakeholder mgmt,2,0.2558,277
SQL + Power BI,2,0.2336,253
Statistics + Stakeholder mgmt,2,0.2271,246
Python + Statistics,2,0.2216,240
SQL + Stakeholder mgmt + Communication,3,0.3435,372
SQL + Python + Communication,3,0.3176,344
SQL + Python + Stakeholder mgmt,3,0.2604,282
Python + Stakeholder mgmt + Communication,3,0.241,261
SQL + Statistics + Communication,3,0.2207,239
Excel + Stakeholder mgmt + Communication,3,0.217,235
SQL + Excel + Communication,3,0.2105,228
SQL + Python + Statistics,3,0.2087,226
SQL + Tableau + Communication,3,0.1921,208
SQL + Statistics + Stakeholder mgmt,3,0.1902,206
Statistics + Stakeholder mgmt + Communication,3,0.1893,205
SQL + Python + Tableau,3,0.1856,201
SQL + Tableau + Stakeholder mgmt,3,0.1847,200
Python + Statistics + Communication,3,0.181,196
SQL + Excel + Stakeholder mgmt,3,0.1754,190
