skill,SQL,Excel,Python,Power BI,Tableau,Statistics,A/B testing,Machine learning,ETL,AWS,Azure,Stakeholder mgmt,Communication,Generative AI
SQL,0.6343,0.2696,0.4035,0.2364,0.2595,0.2816,0.0268,0.0757,0.1717,0.1256,0.1357,0.4118,0.4765,0.0757
Excel,0.2696,0.4035,0.1791,0.1413,0.1311,0.1579,0.0083,0.0268,0.0693,0.0462,0.0563,0.2558,0.3102,0.0231
Python,0.4035,0.1791,0.4284,0.181,0.1939,0.2216,0.0185,0.0693,0.1219,0.1034,0.109,0.2752,0.3333,0.0702
Power BI,0.2364,0.1413,0.181,0.2696,0.1588,0.1468,0.0157,0.0517,0.0683,0.0452,0.0619,0.1837,0.2041,0.0194
Tableau,0.2595,0.1311,0.1939,0.1588,0.3001,0.1745,0.0166,0.0434,0.0766,0.048,0.0693,0.2087,0.217,0.0249
Statistics,0.2816,0.1579,0.2216,0.1468,0.1745,0.35,0.0203,0.06,0.0729,0.0591,0.0813,0.2271,0.2604,0.048
A/B testing,0.0268,0.0083,0.0185,0.0157,0.0166,0.0203,0.0268,0.0046,0.0055,0.0018,0.0018,0.0212,0.0175,0.0046
Machine learning,0.0757,0.0268,0.0693,0.0517,0.0434,0.06,0.0046,0.0849,0.0249,0.012,0.0194,0.0526,0.0683,0.0231
ETL,0.1717,0.0693,0.1219,0.0683,0.0766,0.0729,0.0055,0.0249,0.1884,0.0665,0.0785,0.1311,0.1293,0.0185
AWS,0.1256,0.0462,0.1034,0.0452,0.048,0.0591,0.0018,0.012,0.0665,0.1339,0.0794,0.0942,0.0979,0.0249
Azure,0.1357,0.0563,0.109,0.0619,0.0693,0.0813,0.0018,0.0194,0.0785,0.0794,0.1551,0.1043,0.108,0.0203
Stakeholder mgmt,0.4118,0.2558,0.2752,0.1837,0.2087,0.2271,0.0212,0.0526,0.1311,0.0942,0.1043,0.5716,0.4645,0.0563
Communication,0.4765,0.3102,0.3333,0.2041,0.217,0.2604,0.0175,0.0683,0.1293,0.0979,0.108,0.4645,0.6537,0.0646
Generative AI,0.0757,0.0231,0.0702,0.0194,0.0249,0.048,0.0046,0.0231,0.0185,0.0249,0.0203,0.0563,0.0646,0.0849
