company,company_type,postings
Amazon,Product / tech,357
Accenture,IT & analytics services,285
Genpact,IT & analytics services,134
Amgen,Pharma & healthcare,122
EXL,IT & analytics services,84
PricewaterhouseCoopers,Consulting,73
Citigroup,Bank & financial services,73
JPMorganChase,Bank & financial services,45
Acura Solution,Staffing / recruiter,42
Deutsche Bank,Bank & financial services,40
UPS,Other global company,36
Infosys Limited,IT & analytics services,33
Capco,Consulting,31
People First Consultants,Staffing / recruiter,29
Kyndryl,IT & analytics services,26
